old_name,new_name,ext
10170_fm,hello-world,.jpg
93703_f_fm,93703_f_fm-test,.jpg
93811_f_fm,93811_f_fm-test,.jpg
93812_f_fm,93812_f_fm-test,.jpg
93813_f_fm,93813_f_fm-test,.jpg
93814_f_fm,93814_f_fm-test,.jpg
93875_f_fm,93875_f_fm-test,.jpg
94059_f_fm,94059_f_fm-test,.jpg
96041_f_fm,96041_f_fm-test,.jpg
9731_fm,9731_fm-test,.jpg
9732_fm,9732_fm-test,.jpg
9759_fm,9759_fm-test,.jpg
9760_fm,9760_fm-test,.jpg
9761_fm,9761_fm-test,.jpg
9772_fm,9772_fm-test,.jpg
9773_fm,9773_fm-test,.jpg
9778_fm,9778_fm-test,.jpg
9779_fm,9779_fm-test,.jpg
9785_fm,9785_fm-test,.jpg
9786_fm,9786_fm-test,.jpg
9787_fm,9787_fm-test,.jpg
9790_fm,9790_fm-test,.jpg
9792_fm,9792_fm-test,.jpg
9796_fm,9796_fm-test,.jpg
9815_fm,9815_fm-test,.jpg
9833_fm,9833_fm-test,.jpg
